grid_id,geometry,grid_area,aid,sid,asid,soum_utm_crs,attribute_1,area_km2,livestock,herders
19,"POLYGON ((595731.1214386241 5187583.217247241, 600457.2023977068 5187583.217247241, 602820.2428772482 5191676.123418149, 600457.2023977068 5195769.029589056, 595731.1214386241 5195769.029589056, 593368.0809590827 5191676.123418149, 595731.1214386241 5187583.217247241))",58030217.76491352,82,7,8207,32646,0.5986584841970366,5842.957538632552,8270,24
20,"POLYGON ((588642 5191676.123418149, 593368.0809590827 5191676.123418149, 595731.1214386241 5195769.029589056, 593368.0809590827 5199861.9357599635, 588642 5199861.9357599635, 586278.9595204586 5195769.029589056, 588642 5191676.123418149))",58030217.76491352,82,7,8207,32646,0.15601864044243652,5842.957538632552,8270,24
21,"POLYGON ((595731.1214386241 5195769.029589056, 600457.2023977068 5195769.029589056, 602820.2428772482 5199861.9357599635, 600457.2023977068 5203954.841930871, 595731.1214386241 5203954.841930871, 593368.0809590827 5199861.9357599635, 595731.1214386241 5195769.029589056))",58030217.76491352,82,7,8207,32646,0.15599452033620265,5842.957538632552,8270,24
22,"POLYGON ((588642 5199861.9357599635, 593368.0809590827 5199861.9357599635, 595731.1214386241 5203954.841930871, 593368.0809590827 5208047.748101778, 588642 5208047.748101778, 586278.9595204586 5203954.841930871, 588642 5199861.9357599635))",58030217.76491352,82,7,8207,32646,0.05808361216819946,5842.957538632552,8270,24
23,"POLYGON ((595731.1214386241 5203954.841930871, 600457.2023977068 5203954.841930871, 602820.2428772482 5208047.748101778, 600457.2023977068 5212140.654272686, 595731.1214386241 5212140.654272686, 593368.0809590827 5208047.748101778, 595731.1214386241 5203954.841930871))",58030217.76491352,82,7,8207,32646,0.8661761457749352,5842.957538632552,8270,24
57,"POLYGON ((609909.3643158723 5179397.404905426, 614635.445274955 5179397.404905426, 616998.4857544964 5183490.311076334, 614635.445274955 5187583.217247241, 609909.3643158723 5187583.217247241, 607546.3238363309 5183490.311076334, 609909.3643158723 5179397.404905426))",58030217.76491352,82,7,8207,32646,0.6011150117432088,5842.957538632552,8270,24
58,"POLYGON ((602820.2428772482 5183490.311076334, 607546.3238363309 5183490.311076334, 609909.3643158723 5187583.217247241, 607546.3238363309 5191676.123418149, 602820.2428772482 5191676.123418149, 600457.2023977068 5187583.217247241, 602820.2428772482 5183490.311076334))",58030217.76491352,82,7,8207,32646,0.7080725777960455,5842.957538632552,8270,24
59,"POLYGON ((609909.3643158723 5187583.217247241, 614635.445274955 5187583.217247241, 616998.4857544964 5191676.123418149, 614635.445274955 5195769.029589056, 609909.3643158723 5195769.029589056, 607546.3238363309 5191676.123418149, 609909.3643158723 5187583.217247241))",58030217.76491352,82,7,8207,32646,0.020584494295802447,5842.957538632552,8270,24
60,"POLYGON ((602820.2428772482 5191676.123418149, 607546.3238363309 5191676.123418149, 609909.3643158723 5195769.029589056, 607546.3238363309 5199861.9357599635, 602820.2428772482 5199861.9357599635, 600457.2023977068 5195769.029589056, 602820.2428772482 5191676.123418149))",58030217.76491352,82,7,8207,32646,0.9699098521619943,5842.957538632552,8270,24
61,"POLYGON ((609909.3643158723 5195769.029589056, 614635.445274955 5195769.029589056, 616998.4857544964 5199861.9357599635, 614635.445274955 5203954.841930871, 609909.3643158723 5203954.841930871, 607546.3238363309 5199861.9357599635, 609909.3643158723 5195769.029589056))",58030217.76491352,82,7,8207,32646,0.8324426408004217,5842.957538632552,8270,24
62,"POLYGON ((602820.2428772482 5199861.9357599635, 607546.3238363309 5199861.9357599635, 609909.3643158723 5203954.841930871, 607546.3238363309 5208047.748101778, 602820.2428772482 5208047.748101778, 600457.2023977068 5203954.841930871, 602820.2428772482 5199861.9357599635))",58030217.76491352,82,7,8207,32646,0.21233911067827616,5842.957538632552,8270,24
63,"POLYGON ((609909.3643158723 5203954.841930871, 614635.445274955 5203954.841930871, 616998.4857544964 5208047.748101778, 614635.445274955 5212140.654272686, 609909.3643158723 5212140.654272686, 607546.3238363309 5208047.748101778, 609909.3643158723 5203954.841930871))",58030217.76491352,82,7,8207,32646,0.18182496720710062,5842.957538632552,8270,24
64,"POLYGON ((602820.2428772482 5208047.748101778, 607546.3238363309 5208047.748101778, 609909.3643158723 5212140.654272686, 607546.3238363309 5216233.560443593, 602820.2428772482 5216233.560443593, 600457.2023977068 5212140.654272686, 602820.2428772482 5208047.748101778))",58030217.76491352,82,7,8207,32646,0.18340450985343382,5842.957538632552,8270,24
65,"POLYGON ((609909.3643158723 5212140.654272686, 614635.445274955 5212140.654272686, 616998.4857544964 5216233.560443593, 614635.445274955 5220326.466614501, 609909.3643158723 5220326.466614501, 607546.3238363309 5216233.560443593, 609909.3643158723 5212140.654272686))",58030217.76491352,82,7,8207,32646,0.3042422429595377,5842.957538632552,8270,24
80,"POLYGON ((616998.4857544964 5109818, 621724.5667135791 5109818, 624087.6071931205 5113910.906170907, 621724.5667135791 5118003.812341815, 616998.4857544964 5118003.812341815, 614635.445274955 5113910.906170907, 616998.4857544964 5109818))",58030217.76491352,82,49,8249,32646,0.5247564316322378,5725.977776872491,1860,81
81,"POLYGON ((624087.6071931205 5113910.906170907, 628813.6881522032 5113910.906170907, 631176.7286317446 5118003.812341815, 628813.6881522032 5122096.718512722, 624087.6071931205 5122096.718512722, 621724.5667135791 5118003.812341815, 624087.6071931205 5113910.906170907))",58030217.76491352,82,49,8249,32646,0.43194501864211576,5725.977776872491,1860,81
83,"POLYGON ((624087.6071931205 5122096.718512722, 628813.6881522032 5122096.718512722, 631176.7286317446 5126189.62468363, 628813.6881522032 5130282.530854537, 624087.6071931205 5130282.530854537, 621724.5667135791 5126189.62468363, 624087.6071931205 5122096.718512722))",58030217.76491352,82,49,8249,32646,0.2912291401980419,5725.977776872491,1860,81
85,"POLYGON ((624087.6071931205 5130282.530854537, 628813.6881522032 5130282.530854537, 631176.7286317446 5134375.437025445, 628813.6881522032 5138468.343196352, 624087.6071931205 5138468.343196352, 621724.5667135791 5134375.437025445, 624087.6071931205 5130282.530854537))",58030217.76491352,82,49,8249,32646,0.6118528947223795,5725.977776872491,1860,81
86,"POLYGON ((616998.4857544964 5134375.437025445, 621724.5667135791 5134375.437025445, 624087.6071931205 5138468.343196352, 621724.5667135791 5142561.249367259, 616998.4857544964 5142561.249367259, 614635.445274955 5138468.343196352, 616998.4857544964 5134375.437025445))",58030217.76491352,82,49,8249,32646,0.13949386065204183,5725.977776872491,1860,81
87,"POLYGON ((624087.6071931205 5138468.343196352, 628813.6881522032 5138468.343196352, 631176.7286317446 5142561.249367259, 628813.6881522032 5146654.155538167, 624087.6071931205 5146654.155538167, 621724.5667135791 5142561.249367259, 624087.6071931205 5138468.343196352))",58030217.76491352,82,49,8249,32646,0.29214464853521815,5725.977776872491,1860,81
89,"POLYGON ((624087.6071931205 5146654.155538167, 628813.6881522032 5146654.155538167, 631176.7286317446 5150747.061709074, 628813.6881522032 5154839.967879982, 624087.6071931205 5154839.967879982, 621724.5667135791 5150747.061709074, 624087.6071931205 5146654.155538167))",58030217.76491352,82,49,8249,32646,0.3663618432936917,5725.977776872491,1860,81
93,"POLYGON ((624087.6071931205 5163025.780221797, 628813.6881522032 5163025.780221797, 631176.7286317446 5167118.686392704, 628813.6881522032 5171211.592563611, 624087.6071931205 5171211.592563611, 621724.5667135791 5167118.686392704, 624087.6071931205 5163025.780221797))",58030217.76491352,82,49,8249,32646,0.45606998421703593,5725.977776872491,1860,81
95,"POLYGON ((624087.6071931205 5171211.592563611, 628813.6881522032 5171211.592563611, 631176.7286317446 5175304.498734519, 628813.6881522032 5179397.404905426, 624087.6071931205 5179397.404905426, 621724.5667135791 5175304.498734519, 624087.6071931205 5171211.592563611))",58030217.76491352,82,49,8249,32646,0.7851759613930136,5725.977776872491,1860,81
96,"POLYGON ((616998.4857544964 5175304.498734519, 621724.5667135791 5175304.498734519, 624087.6071931205 5179397.404905426, 621724.5667135791 5183490.311076334, 616998.4857544964 5183490.311076334, 614635.445274955 5179397.404905426, 616998.4857544964 5175304.498734519))",58030217.76491352,82,7,8207,32646,0.19967378215835974,5842.957538632552,8270,24
97,"POLYGON ((624087.6071931205 5179397.404905426, 628813.6881522032 5179397.404905426, 631176.7286317446 5183490.311076334, 628813.6881522032 5187583.217247241, 624087.6071931205 5187583.217247241, 621724.5667135791 5183490.311076334, 624087.6071931205 5179397.404905426))",58030217.76491352,82,7,8207,32646,0.5142344384136116,5842.957538632552,8270,24
98,"POLYGON ((616998.4857544964 5183490.311076334, 621724.5667135791 5183490.311076334, 624087.6071931205 5187583.217247241, 621724.5667135791 5191676.123418149, 616998.4857544964 5191676.123418149, 614635.445274955 5187583.217247241, 616998.4857544964 5183490.311076334))",58030217.76491352,82,7,8207,32646,0.5924145688620425,5842.957538632552,8270,24
99,"POLYGON ((624087.6071931205 5187583.217247241, 628813.6881522032 5187583.217247241, 631176.7286317446 5191676.123418149, 628813.6881522032 5195769.029589056, 624087.6071931205 5195769.029589056, 621724.5667135791 5191676.123418149, 624087.6071931205 5187583.217247241))",58030217.76491352,82,7,8207,32646,0.046450412719997725,5842.957538632552,8270,24
100,"POLYGON ((616998.4857544964 5191676.123418149, 621724.5667135791 5191676.123418149, 624087.6071931205 5195769.029589056, 621724.5667135791 5199861.9357599635, 616998.4857544964 5199861.9357599635, 614635.445274955 5195769.029589056, 616998.4857544964 5191676.123418149))",58030217.76491352,82,7,8207,32646,0.6075448519014384,5842.957538632552,8270,24
101,"POLYGON ((624087.6071931205 5195769.029589056, 628813.6881522032 5195769.029589056, 631176.7286317446 5199861.9357599635, 628813.6881522032 5203954.841930871, 624087.6071931205 5203954.841930871, 621724.5667135791 5199861.9357599635, 624087.6071931205 5195769.029589056))",58030217.76491352,82,7,8207,32646,0.17052412368729153,5842.957538632552,8270,24
102,"POLYGON ((616998.4857544964 5199861.9357599635, 621724.5667135791 5199861.9357599635, 624087.6071931205 5203954.841930871, 621724.5667135791 5208047.748101778, 616998.4857544964 5208047.748101778, 614635.445274955 5203954.841930871, 616998.4857544964 5199861.9357599635))",58030217.76491352,82,7,8207,32646,0.06505159298527952,5842.957538632552,8270,24
103,"POLYGON ((624087.6071931205 5203954.841930871, 628813.6881522032 5203954.841930871, 631176.7286317446 5208047.748101778, 628813.6881522032 5212140.654272686, 624087.6071931205 5212140.654272686, 621724.5667135791 5208047.748101778, 624087.6071931205 5203954.841930871))",58030217.76491352,82,7,8207,32646,0.9488855372533332,5842.957538632552,8270,24
104,"POLYGON ((616998.4857544964 5208047.748101778, 621724.5667135791 5208047.748101778, 624087.6071931205 5212140.654272686, 621724.5667135791 5216233.560443593, 616998.4857544964 5216233.560443593, 614635.445274955 5212140.654272686, 616998.4857544964 5208047.748101778))",58030217.76491352,82,7,8207,32646,0.9656320330745594,5842.957538632552,8270,24
105,"POLYGON ((624087.6071931205 5212140.654272686, 628813.6881522032 5212140.654272686, 631176.7286317446 5216233.560443593, 628813.6881522032 5220326.466614501, 624087.6071931205 5220326.466614501, 621724.5667135791 5216233.560443593, 624087.6071931205 5212140.654272686))",58030217.76491352,82,7,8207,32646,0.8083973481164611,5842.957538632552,8270,24
106,"POLYGON ((616998.4857544964 5216233.560443593, 621724.5667135791 5216233.560443593, 624087.6071931205 5220326.466614501, 621724.5667135791 5224419.372785408, 616998.4857544964 5224419.372785408, 614635.445274955 5220326.466614501, 616998.4857544964 5216233.560443593))",58030217.76491352,82,7,8207,32646,0.3046137691733707,5842.957538632552,8270,24
107,"POLYGON ((624087.6071931205 5220326.466614501, 628813.6881522032 5220326.466614501, 631176.7286317446 5224419.372785408, 628813.6881522032 5228512.2789563155, 624087.6071931205 5228512.2789563155, 621724.5667135791 5224419.372785408, 624087.6071931205 5220326.466614501))",58030217.76491352,82,7,8207,32646,0.09767211400638387,5842.957538632552,8270,24
120,"POLYGON ((631176.7286317446 5109818, 635902.8095908273 5109818, 638265.8500703687 5113910.906170907, 635902.8095908273 5118003.812341815, 631176.7286317446 5118003.812341815, 628813.6881522032 5113910.906170907, 631176.7286317446 5109818))",58030217.76491352,82,49,8249,32646,0.6842330265121569,5725.977776872491,1860,81
121,"POLYGON ((638265.8500703687 5113910.906170907, 642991.9310294514 5113910.906170907, 645354.9715089928 5118003.812341815, 642991.9310294514 5122096.718512722, 638265.8500703687 5122096.718512722, 635902.8095908273 5118003.812341815, 638265.8500703687 5113910.906170907))",58030217.76491352,82,49,8249,32646,0.4401524937396013,5725.977776872491,1860,81
122,"POLYGON ((631176.7286317446 5118003.812341815, 635902.8095908273 5118003.812341815, 638265.8500703687 5122096.718512722, 635902.8095908273 5126189.62468363, 631176.7286317446 5126189.62468363, 628813.6881522032 5122096.718512722, 631176.7286317446 5118003.812341815))",58030217.76491352,82,49,8249,32646,0.12203823484477883,5725.977776872491,1860,81
123,"POLYGON ((638265.8500703687 5122096.718512722, 642991.9310294514 5122096.718512722, 645354.9715089928 5126189.62468363, 642991.9310294514 5130282.530854537, 638265.8500703687 5130282.530854537, 635902.8095908273 5126189.62468363, 638265.8500703687 5122096.718512722))",58030217.76491352,82,49,8249,32646,0.4951769101112702,5725.977776872491,1860,81
124,"POLYGON ((631176.7286317446 5126189.62468363, 635902.8095908273 5126189.62468363, 638265.8500703687 5130282.530854537, 635902.8095908273 5134375.437025445, 631176.7286317446 5134375.437025445, 628813.6881522032 5130282.530854537, 631176.7286317446 5126189.62468363))",58030217.76491352,82,49,8249,32646,0.034388521115218396,5725.977776872491,1860,81
125,"POLYGON ((638265.8500703687 5130282.530854537, 642991.9310294514 5130282.530854537, 645354.9715089928 5134375.437025445, 642991.9310294514 5138468.343196352, 638265.8500703687 5138468.343196352, 635902.8095908273 5134375.437025445, 638265.8500703687 5130282.530854537))",58030217.76491352,82,49,8249,32646,0.9093204020787821,5725.977776872491,1860,81
126,"POLYGON ((631176.7286317446 5134375.437025445, 635902.8095908273 5134375.437025445, 638265.8500703687 5138468.343196352, 635902.8095908273 5142561.249367259, 631176.7286317446 5142561.249367259, 628813.6881522032 5138468.343196352, 631176.7286317446 5134375.437025445))",58030217.76491352,82,49,8249,32646,0.2587799816000169,5725.977776872491,1860,81
127,"POLYGON ((638265.8500703687 5138468.343196352, 642991.9310294514 5138468.343196352, 645354.9715089928 5142561.249367259, 642991.9310294514 5146654.155538167, 638265.8500703687 5146654.155538167, 635902.8095908273 5142561.249367259, 638265.8500703687 5138468.343196352))",58030217.76491352,82,49,8249,32646,0.662522284353982,5725.977776872491,1860,81
128,"POLYGON ((631176.7286317446 5142561.249367259, 635902.8095908273 5142561.249367259, 638265.8500703687 5146654.155538167, 635902.8095908273 5150747.061709074, 631176.7286317446 5150747.061709074, 628813.6881522032 5146654.155538167, 631176.7286317446 5142561.249367259))",58030217.76491352,82,49,8249,32646,0.31171107608941095,5725.977776872491,1860,81
129,"POLYGON ((638265.8500703687 5146654.155538167, 642991.9310294514 5146654.155538167, 645354.9715089928 5150747.061709074, 642991.9310294514 5154839.967879982, 638265.8500703687 5154839.967879982, 635902.8095908273 5150747.061709074, 638265.8500703687 5146654.155538167))",58030217.76491352,82,49,8249,32646,0.5200680211778108,5725.977776872491,1860,81
130,"POLYGON ((631176.7286317446 5150747.061709074, 635902.8095908273 5150747.061709074, 638265.8500703687 5154839.967879982, 635902.8095908273 5158932.874050889, 631176.7286317446 5158932.874050889, 628813.6881522032 5154839.967879982, 631176.7286317446 5150747.061709074))",58030217.76491352,82,49,8249,32646,0.5467102793432796,5725.977776872491,1860,81
131,"POLYGON ((638265.8500703687 5154839.967879982, 642991.9310294514 5154839.967879982, 645354.9715089928 5158932.874050889, 642991.9310294514 5163025.780221797, 638265.8500703687 5163025.780221797, 635902.8095908273 5158932.874050889, 638265.8500703687 5154839.967879982))",58030217.76491352,82,49,8249,32646,0.18485445552552704,5725.977776872491,1860,81
132,"POLYGON ((631176.7286317446 5158932.874050889, 635902.8095908273 5158932.874050889, 638265.8500703687 5163025.780221797, 635902.8095908273 5167118.686392704, 631176.7286317446 5167118.686392704, 628813.6881522032 5163025.780221797, 631176.7286317446 5158932.874050889))",58030217.76491352,82,49,8249,32646,0.9695846277645586,5725.977776872491,1860,81
133,"POLYGON ((638265.8500703687 5163025.780221797, 642991.9310294514 5163025.780221797, 645354.9715089928 5167118.686392704, 642991.9310294514 5171211.592563611, 638265.8500703687 5171211.592563611, 635902.8095908273 5167118.686392704, 638265.8500703687 5163025.780221797))",58030217.76491352,82,49,8249,32646,0.7751328233611146,5725.977776872491,1860,81
134,"POLYGON ((631176.7286317446 5167118.686392704, 635902.8095908273 5167118.686392704, 638265.8500703687 5171211.592563611, 635902.8095908273 5175304.498734519, 631176.7286317446 5175304.498734519, 628813.6881522032 5171211.592563611, 631176.7286317446 5167118.686392704))",58030217.76491352,82,49,8249,32646,0.9394989415641891,5725.977776872491,1860,81
135,"POLYGON ((638265.8500703687 5171211.592563611, 642991.9310294514 5171211.592563611, 645354.9715089928 5175304.498734519, 642991.9310294514 5179397.404905426, 638265.8500703687 5179397.404905426, 635902.8095908273 5175304.498734519, 638265.8500703687 5171211.592563611))",58030217.76491352,82,49,8249,32646,0.8948273504276488,5725.977776872491,1860,81
136,"POLYGON ((631176.7286317446 5175304.498734519, 635902.8095908273 5175304.498734519, 638265.8500703687 5179397.404905426, 635902.8095908273 5183490.311076334, 631176.7286317446 5183490.311076334, 628813.6881522032 5179397.404905426, 631176.7286317446 5175304.498734519))",58030217.76491352,82,49,8249,32646,0.5978999788110851,5725.977776872491,1860,81
137,"POLYGON ((638265.8500703687 5179397.404905426, 642991.9310294514 5179397.404905426, 645354.9715089928 5183490.311076334, 642991.9310294514 5187583.217247241, 638265.8500703687 5187583.217247241, 635902.8095908273 5183490.311076334, 638265.8500703687 5179397.404905426))",58030217.76491352,82,7,8207,32646,0.9218742350231168,5842.957538632552,8270,24
138,"POLYGON ((631176.7286317446 5183490.311076334, 635902.8095908273 5183490.311076334, 638265.8500703687 5187583.217247241, 635902.8095908273 5191676.123418149, 631176.7286317446 5191676.123418149, 628813.6881522032 5187583.217247241, 631176.7286317446 5183490.311076334))",58030217.76491352,82,7,8207,32646,0.0884925020519195,5842.957538632552,8270,24
139,"POLYGON ((638265.8500703687 5187583.217247241, 642991.9310294514 5187583.217247241, 645354.9715089928 5191676.123418149, 642991.9310294514 5195769.029589056, 638265.8500703687 5195769.029589056, 635902.8095908273 5191676.123418149, 638265.8500703687 5187583.217247241))",58030217.76491352,82,7,8207,32646,0.1959828624191452,5842.957538632552,8270,24
140,"POLYGON ((631176.7286317446 5191676.123418149, 635902.8095908273 5191676.123418149, 638265.8500703687 5195769.029589056, 635902.8095908273 5199861.9357599635, 631176.7286317446 5199861.9357599635, 628813.6881522032 5195769.029589056, 631176.7286317446 5191676.123418149))",58030217.76491352,82,7,8207,32646,0.045227288910538066,5842.957538632552,8270,24
141,"POLYGON ((638265.8500703687 5195769.029589056, 642991.9310294514 5195769.029589056, 645354.9715089928 5199861.9357599635, 642991.9310294514 5203954.841930871, 638265.8500703687 5203954.841930871, 635902.8095908273 5199861.9357599635, 638265.8500703687 5195769.029589056))",58030217.76491352,82,7,8207,32646,0.32533033076326434,5842.957538632552,8270,24
142,"POLYGON ((631176.7286317446 5199861.9357599635, 635902.8095908273 5199861.9357599635, 638265.8500703687 5203954.841930871, 635902.8095908273 5208047.748101778, 631176.7286317446 5208047.748101778, 628813.6881522032 5203954.841930871, 631176.7286317446 5199861.9357599635))",58030217.76491352,82,7,8207,32646,0.388677289689482,5842.957538632552,8270,24
143,"POLYGON ((638265.8500703687 5203954.841930871, 642991.9310294514 5203954.841930871, 645354.9715089928 5208047.748101778, 642991.9310294514 5212140.654272686, 638265.8500703687 5212140.654272686, 635902.8095908273 5208047.748101778, 638265.8500703687 5203954.841930871))",58030217.76491352,82,7,8207,32646,0.2713490317738959,5842.957538632552,8270,24
144,"POLYGON ((631176.7286317446 5208047.748101778, 635902.8095908273 5208047.748101778, 638265.8500703687 5212140.654272686, 635902.8095908273 5216233.560443593, 631176.7286317446 5216233.560443593, 628813.6881522032 5212140.654272686, 631176.7286317446 5208047.748101778))",58030217.76491352,82,7,8207,32646,0.8287375091519293,5842.957538632552,8270,24
145,"POLYGON ((638265.8500703687 5212140.654272686, 642991.9310294514 5212140.654272686, 645354.9715089928 5216233.560443593, 642991.9310294514 5220326.466614501, 638265.8500703687 5220326.466614501, 635902.8095908273 5216233.560443593, 638265.8500703687 5212140.654272686))",58030217.76491352,82,7,8207,32646,0.3567533266935893,5842.957538632552,8270,24
146,"POLYGON ((631176.7286317446 5216233.560443593, 635902.8095908273 5216233.560443593, 638265.8500703687 5220326.466614501, 635902.8095908273 5224419.372785408, 631176.7286317446 5224419.372785408, 628813.6881522032 5220326.466614501, 631176.7286317446 5216233.560443593))",58030217.76491352,82,7,8207,32646,0.28093450968738076,5842.957538632552,8270,24
147,"POLYGON ((638265.8500703687 5220326.466614501, 642991.9310294514 5220326.466614501, 645354.9715089928 5224419.372785408, 642991.9310294514 5228512.2789563155, 638265.8500703687 5228512.2789563155, 635902.8095908273 5224419.372785408, 638265.8500703687 5220326.466614501))",58030217.76491352,82,7,8207,32646,0.5426960831582485,5842.957538632552,8270,24
148,"POLYGON ((631176.7286317446 5224419.372785408, 635902.8095908273 5224419.372785408, 638265.8500703687 5228512.2789563155, 635902.8095908273 5232605.185127223, 631176.7286317446 5232605.185127223, 628813.6881522032 5228512.2789563155, 631176.7286317446 5224419.372785408))",58030217.76491352,82,7,8207,32646,0.14092422497476265,5842.957538632552,8270,24
149,"POLYGON ((638265.8500703687 5228512.2789563155, 642991.9310294514 5228512.2789563155, 645354.9715089928 5232605.185127223, 642991.9310294514 5236698.09129813, 638265.8500703687 5236698.09129813, 635902.8095908273 5232605.185127223, 638265.8500703687 5228512.2789563155))",58030217.76491352,82,7,8207,32646,0.8021969807540397,5842.957538632552,8270,24
151,"POLYGON ((638265.8500703687 5236698.09129813, 642991.9310294514 5236698.09129813, 645354.9715089928 5240790.997469038, 642991.9310294514 5244883.903639945, 638265.8500703687 5244883.903639945, 635902.8095908273 5240790.997469038, 638265.8500703687 5236698.09129813))",58030217.76491352,82,7,8207,32646,0.07455064367977082,5842.957538632552,8270,24
160,"POLYGON ((645354.9715089928 5109818, 650081.0524680755 5109818, 652444.0929476169 5113910.906170907, 650081.0524680755 5118003.812341815, 645354.9715089928 5118003.812341815, 642991.9310294514 5113910.906170907, 645354.9715089928 5109818))",58030217.76491352,82,49,8249,32646,0.9868869366005173,5725.977776872491,1860,81
161,"POLYGON ((652444.0929476169 5113910.906170907, 657170.1739066996 5113910.906170907, 659533.214386241 5118003.812341815, 657170.1739066996 5122096.718512722, 652444.0929476169 5122096.718512722, 650081.0524680755 5118003.812341815, 652444.0929476169 5113910.906170907))",58030217.76491352,82,49,8249,32646,0.7722447692966574,5725.977776872491,1860,81
162,"POLYGON ((645354.9715089928 5118003.812341815, 650081.0524680755 5118003.812341815, 652444.0929476169 5122096.718512722, 650081.0524680755 5126189.62468363, 645354.9715089928 5126189.62468363, 642991.9310294514 5122096.718512722, 645354.9715089928 5118003.812341815))",58030217.76491352,82,49,8249,32646,0.1987156815341724,5725.977776872491,1860,81
163,"POLYGON ((652444.0929476169 5122096.718512722, 657170.1739066996 5122096.718512722, 659533.214386241 5126189.62468363, 657170.1739066996 5130282.530854537, 652444.0929476169 5130282.530854537, 650081.0524680755 5126189.62468363, 652444.0929476169 5122096.718512722))",58030217.76491352,82,49,8249,32646,0.005522117123602399,5725.977776872491,1860,81
164,"POLYGON ((645354.9715089928 5126189.62468363, 650081.0524680755 5126189.62468363, 652444.0929476169 5130282.530854537, 650081.0524680755 5134375.437025445, 645354.9715089928 5134375.437025445, 642991.9310294514 5130282.530854537, 645354.9715089928 5126189.62468363))",58030217.76491352,82,49,8249,32646,0.8154614284548342,5725.977776872491,1860,81
165,"POLYGON ((652444.0929476169 5130282.530854537, 657170.1739066996 5130282.530854537, 659533.214386241 5134375.437025445, 657170.1739066996 5138468.343196352, 652444.0929476169 5138468.343196352, 650081.0524680755 5134375.437025445, 652444.0929476169 5130282.530854537))",58030217.76491352,82,49,8249,32646,0.7068573438476171,5725.977776872491,1860,81
166,"POLYGON ((645354.9715089928 5134375.437025445, 650081.0524680755 5134375.437025445, 652444.0929476169 5138468.343196352, 650081.0524680755 5142561.249367259, 645354.9715089928 5142561.249367259, 642991.9310294514 5138468.343196352, 645354.9715089928 5134375.437025445))",58030217.76491352,82,49,8249,32646,0.7290071680409873,5725.977776872491,1860,81
167,"POLYGON ((652444.0929476169 5138468.343196352, 657170.1739066996 5138468.343196352, 659533.214386241 5142561.249367259, 657170.1739066996 5146654.155538167, 652444.0929476169 5146654.155538167, 650081.0524680755 5142561.249367259, 652444.0929476169 5138468.343196352))",58030217.76491352,82,49,8249,32646,0.7712703466859457,5725.977776872491,1860,81
168,"POLYGON ((645354.9715089928 5142561.249367259, 650081.0524680755 5142561.249367259, 652444.0929476169 5146654.155538167, 650081.0524680755 5150747.061709074, 645354.9715089928 5150747.061709074, 642991.9310294514 5146654.155538167, 645354.9715089928 5142561.249367259))",58030217.76491352,82,49,8249,32646,0.07404465173409036,5725.977776872491,1860,81
169,"POLYGON ((652444.0929476169 5146654.155538167, 657170.1739066996 5146654.155538167, 659533.214386241 5150747.061709074, 657170.1739066996 5154839.967879982, 652444.0929476169 5154839.967879982, 650081.0524680755 5150747.061709074, 652444.0929476169 5146654.155538167))",58030217.76491352,82,49,8249,32646,0.3584657285442726,5725.977776872491,1860,81
170,"POLYGON ((645354.9715089928 5150747.061709074, 650081.0524680755 5150747.061709074, 652444.0929476169 5154839.967879982, 650081.0524680755 5158932.874050889, 645354.9715089928 5158932.874050889, 642991.9310294514 5154839.967879982, 645354.9715089928 5150747.061709074))",58030217.76491352,82,49,8249,32646,0.11586905952512971,5725.977776872491,1860,81
171,"POLYGON ((652444.0929476169 5154839.967879982, 657170.1739066996 5154839.967879982, 659533.214386241 5158932.874050889, 657170.1739066996 5163025.780221797, 652444.0929476169 5163025.780221797, 650081.0524680755 5158932.874050889, 652444.0929476169 5154839.967879982))",58030217.76491352,82,49,8249,32646,0.8631034258755935,5725.977776872491,1860,81
172,"POLYGON ((645354.9715089928 5158932.874050889, 650081.0524680755 5158932.874050889, 652444.0929476169 5163025.780221797, 650081.0524680755 5167118.686392704, 645354.9715089928 5167118.686392704, 642991.9310294514 5163025.780221797, 645354.9715089928 5158932.874050889))",58030217.76491352,82,49,8249,32646,0.6232981268275579,5725.977776872491,1860,81
173,"POLYGON ((652444.0929476169 5163025.780221797, 657170.1739066996 5163025.780221797, 659533.214386241 5167118.686392704, 657170.1739066996 5171211.592563611, 652444.0929476169 5171211.592563611, 650081.0524680755 5167118.686392704, 652444.0929476169 5163025.780221797))",58030217.76491352,82,49,8249,32646,0.3308980248526492,5725.977776872491,1860,81
174,"POLYGON ((645354.9715089928 5167118.686392704, 650081.0524680755 5167118.686392704, 652444.0929476169 5171211.592563611, 650081.0524680755 5175304.498734519, 645354.9715089928 5175304.498734519, 642991.9310294514 5171211.592563611, 645354.9715089928 5167118.686392704))",58030217.76491352,82,49,8249,32646,0.06355835028602363,5725.977776872491,1860,81
175,"POLYGON ((652444.0929476169 5171211.592563611, 657170.1739066996 5171211.592563611, 659533.214386241 5175304.498734519, 657170.1739066996 5179397.404905426, 652444.0929476169 5179397.404905426, 650081.0524680755 5175304.498734519, 652444.0929476169 5171211.592563611))",58030217.76491352,82,49,8249,32646,0.3109823217156622,5725.977776872491,1860,81
176,"POLYGON ((645354.9715089928 5175304.498734519, 650081.0524680755 5175304.498734519, 652444.0929476169 5179397.404905426, 650081.0524680755 5183490.311076334, 645354.9715089928 5183490.311076334, 642991.9310294514 5179397.404905426, 645354.9715089928 5175304.498734519))",58030217.76491352,82,7,8207,32646,0.32518332202674705,5842.957538632552,8270,24
177,"POLYGON ((652444.0929476169 5179397.404905426, 657170.1739066996 5179397.404905426, 659533.214386241 5183490.311076334, 657170.1739066996 5187583.217247241, 652444.0929476169 5187583.217247241, 650081.0524680755 5183490.311076334, 652444.0929476169 5179397.404905426))",58030217.76491352,82,7,8207,32646,0.7296061783380641,5842.957538632552,8270,24
178,"POLYGON ((645354.9715089928 5183490.311076334, 650081.0524680755 5183490.311076334, 652444.0929476169 5187583.217247241, 650081.0524680755 5191676.123418149, 645354.9715089928 5191676.123418149, 642991.9310294514 5187583.217247241, 645354.9715089928 5183490.311076334))",58030217.76491352,82,7,8207,32646,0.6375574713552131,5842.957538632552,8270,24
179,"POLYGON ((652444.0929476169 5187583.217247241, 657170.1739066996 5187583.217247241, 659533.214386241 5191676.123418149, 657170.1739066996 5195769.029589056, 652444.0929476169 5195769.029589056, 650081.0524680755 5191676.123418149, 652444.0929476169 5187583.217247241))",58030217.76491352,82,7,8207,32646,0.8872127425763265,5842.957538632552,8270,24
180,"POLYGON ((645354.9715089928 5191676.123418149, 650081.0524680755 5191676.123418149, 652444.0929476169 5195769.029589056, 650081.0524680755 5199861.9357599635, 645354.9715089928 5199861.9357599635, 642991.9310294514 5195769.029589056, 645354.9715089928 5191676.123418149))",58030217.76491352,82,7,8207,32646,0.4722149251619493,5842.957538632552,8270,24
181,"POLYGON ((652444.0929476169 5195769.029589056, 657170.1739066996 5195769.029589056, 659533.214386241 5199861.9357599635, 657170.1739066996 5203954.841930871, 652444.0929476169 5203954.841930871, 650081.0524680755 5199861.9357599635, 652444.0929476169 5195769.029589056))",58030217.76491352,82,7,8207,32646,0.1195942459383017,5842.957538632552,8270,24
182,"POLYGON ((645354.9715089928 5199861.9357599635, 650081.0524680755 5199861.9357599635, 652444.0929476169 5203954.841930871, 650081.0524680755 5208047.748101778, 645354.9715089928 5208047.748101778, 642991.9310294514 5203954.841930871, 645354.9715089928 5199861.9357599635))",58030217.76491352,82,7,8207,32646,0.713244787222995,5842.957538632552,8270,24
183,"POLYGON ((652444.0929476169 5203954.841930871, 657170.1739066996 5203954.841930871, 659533.214386241 5208047.748101778, 657170.1739066996 5212140.654272686, 652444.0929476169 5212140.654272686, 650081.0524680755 5208047.748101778, 652444.0929476169 5203954.841930871))",58030217.76491352,82,7,8207,32646,0.7607850486168974,5842.957538632552,8270,24
184,"POLYGON ((645354.9715089928 5208047.748101778, 650081.0524680755 5208047.748101778, 652444.0929476169 5212140.654272686, 650081.0524680755 5216233.560443593, 645354.9715089928 5216233.560443593, 642991.9310294514 5212140.654272686, 645354.9715089928 5208047.748101778))",58030217.76491352,82,7,8207,32646,0.5612771975694962,5842.957538632552,8270,24
185,"POLYGON ((652444.0929476169 5212140.654272686, 657170.1739066996 5212140.654272686, 659533.214386241 5216233.560443593, 657170.1739066996 5220326.466614501, 652444.0929476169 5220326.466614501, 650081.0524680755 5216233.560443593, 652444.0929476169 5212140.654272686))",58030217.76491352,82,7,8207,32646,0.770967179954561,5842.957538632552,8270,24
186,"POLYGON ((645354.9715089928 5216233.560443593, 650081.0524680755 5216233.560443593, 652444.0929476169 5220326.466614501, 650081.0524680755 5224419.372785408, 645354.9715089928 5224419.372785408, 642991.9310294514 5220326.466614501, 645354.9715089928 5216233.560443593))",58030217.76491352,82,7,8207,32646,0.49379559636439074,5842.957538632552,8270,24
187,"POLYGON ((652444.0929476169 5220326.466614501, 657170.1739066996 5220326.466614501, 659533.214386241 5224419.372785408, 657170.1739066996 5228512.2789563155, 652444.0929476169 5228512.2789563155, 650081.0524680755 5224419.372785408, 652444.0929476169 5220326.466614501))",58030217.76491352,82,7,8207,32646,0.5227328293819941,5842.957538632552,8270,24
188,"POLYGON ((645354.9715089928 5224419.372785408, 650081.0524680755 5224419.372785408, 652444.0929476169 5228512.2789563155, 650081.0524680755 5232605.185127223, 645354.9715089928 5232605.185127223, 642991.9310294514 5228512.2789563155, 645354.9715089928 5224419.372785408))",58030217.76491352,82,7,8207,32646,0.42754101835854963,5842.957538632552,8270,24
189,"POLYGON ((652444.0929476169 5228512.2789563155, 657170.1739066996 5228512.2789563155, 659533.214386241 5232605.185127223, 657170.1739066996 5236698.09129813, 652444.0929476169 5236698.09129813, 650081.0524680755 5232605.185127223, 652444.0929476169 5228512.2789563155))",58030217.76491352,82,7,8207,32646,0.02541912674409519,5842.957538632552,8270,24
190,"POLYGON ((645354.9715089928 5232605.185127223, 650081.0524680755 5232605.185127223, 652444.0929476169 5236698.09129813, 650081.0524680755 5240790.997469038, 645354.9715089928 5240790.997469038, 642991.9310294514 5236698.09129813, 645354.9715089928 5232605.185127223))",58030217.76491352,82,7,8207,32646,0.10789142699330445,5842.957538632552,8270,24
191,"POLYGON ((652444.0929476169 5236698.09129813, 657170.1739066996 5236698.09129813, 659533.214386241 5240790.997469038, 657170.1739066996 5244883.903639945, 652444.0929476169 5244883.903639945, 650081.0524680755 5240790.997469038, 652444.0929476169 5236698.09129813))",58030217.76491352,82,7,8207,32646,0.03142918568673425,5842.957538632552,8270,24
192,"POLYGON ((645354.9715089928 5240790.997469038, 650081.0524680755 5240790.997469038, 652444.0929476169 5244883.903639945, 650081.0524680755 5248976.809810853, 645354.9715089928 5248976.809810853, 642991.9310294514 5244883.903639945, 645354.9715089928 5240790.997469038))",58030217.76491352,82,7,8207,32646,0.6364104112637804,5842.957538632552,8270,24
197,"POLYGON ((652444.0929476169 5261255.528323575, 657170.1739066996 5261255.528323575, 659533.214386241 5265348.434494482, 657170.1739066996 5269441.34066539, 652444.0929476169 5269441.34066539, 650081.0524680755 5265348.434494482, 652444.0929476169 5261255.528323575))",58030217.76491352,82,7,8207,32646,0.3143559810763267,5842.957538632552,8270,24
200,"POLYGON ((659533.214386241 5109818, 664259.2953453237 5109818, 666622.3358248651 5113910.906170907, 664259.2953453237 5118003.812341815, 659533.214386241 5118003.812341815, 657170.1739066996 5113910.906170907, 659533.214386241 5109818))",58030217.76491352,82,49,8249,32646,0.5085706911647028,5725.977776872491,1860,81
201,"POLYGON ((666622.3358248651 5113910.906170907, 671348.4167839478 5113910.906170907, 673711.4572634893 5118003.812341815, 671348.4167839478 5122096.718512722, 666622.3358248651 5122096.718512722, 664259.2953453237 5118003.812341815, 666622.3358248651 5113910.906170907))",58030217.76491352,82,49,8249,32646,0.907566473926093,5725.977776872491,1860,81
202,"POLYGON ((659533.214386241 5118003.812341815, 664259.2953453237 5118003.812341815, 666622.3358248651 5122096.718512722, 664259.2953453237 5126189.62468363, 659533.214386241 5126189.62468363, 657170.1739066996 5122096.718512722, 659533.214386241 5118003.812341815))",58030217.76491352,82,49,8249,32646,0.24929222914887494,5725.977776872491,1860,81
203,"POLYGON ((666622.3358248651 5122096.718512722, 671348.4167839478 5122096.718512722, 673711.4572634893 5126189.62468363, 671348.4167839478 5130282.530854537, 666622.3358248651 5130282.530854537, 664259.2953453237 5126189.62468363, 666622.3358248651 5122096.718512722))",58030217.76491352,82,49,8249,32646,0.41038292303562973,5725.977776872491,1860,81
204,"POLYGON ((659533.214386241 5126189.62468363, 664259.2953453237 5126189.62468363, 666622.3358248651 5130282.530854537, 664259.2953453237 5134375.437025445, 659533.214386241 5134375.437025445, 657170.1739066996 5130282.530854537, 659533.214386241 5126189.62468363))",58030217.76491352,82,49,8249,32646,0.7555511385430487,5725.977776872491,1860,81
205,"POLYGON ((666622.3358248651 5130282.530854537, 671348.4167839478 5130282.530854537, 673711.4572634893 5134375.437025445, 671348.4167839478 5138468.343196352, 666622.3358248651 5138468.343196352, 664259.2953453237 5134375.437025445, 666622.3358248651 5130282.530854537))",58030217.76491352,82,49,8249,32646,0.22879816549162246,5725.977776872491,1860,81
206,"POLYGON ((659533.214386241 5134375.437025445, 664259.2953453237 5134375.437025445, 666622.3358248651 5138468.343196352, 664259.2953453237 5142561.249367259, 659533.214386241 5142561.249367259, 657170.1739066996 5138468.343196352, 659533.214386241 5134375.437025445))",58030217.76491352,82,49,8249,32646,0.07697990982879299,5725.977776872491,1860,81
207,"POLYGON ((666622.3358248651 5138468.343196352, 671348.4167839478 5138468.343196352, 673711.4572634893 5142561.249367259, 671348.4167839478 5146654.155538167, 666622.3358248651 5146654.155538167, 664259.2953453237 5142561.249367259, 666622.3358248651 5138468.343196352))",58030217.76491352,82,49,8249,32646,0.289751452913768,5725.977776872491,1860,81
208,"POLYGON ((659533.214386241 5142561.249367259, 664259.2953453237 5142561.249367259, 666622.3358248651 5146654.155538167, 664259.2953453237 5150747.061709074, 659533.214386241 5150747.061709074, 657170.1739066996 5146654.155538167, 659533.214386241 5142561.249367259))",58030217.76491352,82,49,8249,32646,0.16122128725400442,5725.977776872491,1860,81
209,"POLYGON ((666622.3358248651 5146654.155538167, 671348.4167839478 5146654.155538167, 673711.4572634893 5150747.061709074, 671348.4167839478 5154839.967879982, 666622.3358248651 5154839.967879982, 664259.2953453237 5150747.061709074, 666622.3358248651 5146654.155538167))",58030217.76491352,82,49,8249,32646,0.9296976523425731,5725.977776872491,1860,81
210,"POLYGON ((659533.214386241 5150747.061709074, 664259.2953453237 5150747.061709074, 666622.3358248651 5154839.967879982, 664259.2953453237 5158932.874050889, 659533.214386241 5158932.874050889, 657170.1739066996 5154839.967879982, 659533.214386241 5150747.061709074))",58030217.76491352,82,49,8249,32646,0.808120379564417,5725.977776872491,1860,81
211,"POLYGON ((666622.3358248651 5154839.967879982, 671348.4167839478 5154839.967879982, 673711.4572634893 5158932.874050889, 671348.4167839478 5163025.780221797, 666622.3358248651 5163025.780221797, 664259.2953453237 5158932.874050889, 666622.3358248651 5154839.967879982))",58030217.76491352,82,49,8249,32646,0.6334037565104235,5725.977776872491,1860,81
212,"POLYGON ((659533.214386241 5158932.874050889, 664259.2953453237 5158932.874050889, 666622.3358248651 5163025.780221797, 664259.2953453237 5167118.686392704, 659533.214386241 5167118.686392704, 657170.1739066996 5163025.780221797, 659533.214386241 5158932.874050889))",58030217.76491352,82,49,8249,32646,0.8714605901877177,5725.977776872491,1860,81
213,"POLYGON ((666622.3358248651 5163025.780221797, 671348.4167839478 5163025.780221797, 673711.4572634893 5167118.686392704, 671348.4167839478 5171211.592563611, 666622.3358248651 5171211.592563611, 664259.2953453237 5167118.686392704, 666622.3358248651 5163025.780221797))",58030217.76491352,82,49,8249,32646,0.8036720768991145,5725.977776872491,1860,81
214,"POLYGON ((659533.214386241 5167118.686392704, 664259.2953453237 5167118.686392704, 666622.3358248651 5171211.592563611, 664259.2953453237 5175304.498734519, 659533.214386241 5175304.498734519, 657170.1739066996 5171211.592563611, 659533.214386241 5167118.686392704))",58030217.76491352,82,49,8249,32646,0.18657005888603584,5725.977776872491,1860,81
215,"POLYGON ((666622.3358248651 5171211.592563611, 671348.4167839478 5171211.592563611, 673711.4572634893 5175304.498734519, 671348.4167839478 5179397.404905426, 666622.3358248651 5179397.404905426, 664259.2953453237 5175304.498734519, 666622.3358248651 5171211.592563611))",58030217.76491352,82,49,8249,32646,0.8925589984899778,5725.977776872491,1860,81
216,"POLYGON ((659533.214386241 5175304.498734519, 664259.2953453237 5175304.498734519, 666622.3358248651 5179397.404905426, 664259.2953453237 5183490.311076334, 659533.214386241 5183490.311076334, 657170.1739066996 5179397.404905426, 659533.214386241 5175304.498734519))",58030217.76491352,82,49,8249,32646,0.5393422419156507,5725.977776872491,1860,81
217,"POLYGON ((666622.3358248651 5179397.404905426, 671348.4167839478 5179397.404905426, 673711.4572634893 5183490.311076334, 671348.4167839478 5187583.217247241, 666622.3358248651 5187583.217247241, 664259.2953453237 5183490.311076334, 666622.3358248651 5179397.404905426))",58030217.76491352,82,49,8249,32646,0.8074401551640625,5725.977776872491,1860,81
218,"POLYGON ((659533.214386241 5183490.311076334, 664259.2953453237 5183490.311076334, 666622.3358248651 5187583.217247241, 664259.2953453237 5191676.123418149, 659533.214386241 5191676.123418149, 657170.1739066996 5187583.217247241, 659533.214386241 5183490.311076334))",58030217.76491352,82,7,8207,32646,0.8960912999234932,5842.957538632552,8270,24
219,"POLYGON ((666622.3358248651 5187583.217247241, 671348.4167839478 5187583.217247241, 673711.4572634893 5191676.123418149, 671348.4167839478 5195769.029589056, 666622.3358248651 5195769.029589056, 664259.2953453237 5191676.123418149, 666622.3358248651 5187583.217247241))",58030217.76491352,82,7,8207,32646,0.3180034749718639,5842.957538632552,8270,24
220,"POLYGON ((659533.214386241 5191676.123418149, 664259.2953453237 5191676.123418149, 666622.3358248651 5195769.029589056, 664259.2953453237 5199861.9357599635, 659533.214386241 5199861.9357599635, 657170.1739066996 5195769.029589056, 659533.214386241 5191676.123418149))",58030217.76491352,82,7,8207,32646,0.11005192452767676,5842.957538632552,8270,24
221,"POLYGON ((666622.3358248651 5195769.029589056, 671348.4167839478 5195769.029589056, 673711.4572634893 5199861.9357599635, 671348.4167839478 5203954.841930871, 666622.3358248651 5203954.841930871, 664259.2953453237 5199861.9357599635, 666622.3358248651 5195769.029589056))",58030217.76491352,82,7,8207,32646,0.22793516254194168,5842.957538632552,8270,24
222,"POLYGON ((659533.214386241 5199861.9357599635, 664259.2953453237 5199861.9357599635, 666622.3358248651 5203954.841930871, 664259.2953453237 5208047.748101778, 659533.214386241 5208047.748101778, 657170.1739066996 5203954.841930871, 659533.214386241 5199861.9357599635))",58030217.76491352,82,7,8207,32646,0.4271077886262563,5842.957538632552,8270,24
223,"POLYGON ((666622.3358248651 5203954.841930871, 671348.4167839478 5203954.841930871, 673711.4572634893 5208047.748101778, 671348.4167839478 5212140.654272686, 666622.3358248651 5212140.654272686, 664259.2953453237 5208047.748101778, 666622.3358248651 5203954.841930871))",58030217.76491352,82,7,8207,32646,0.8180147659224931,5842.957538632552,8270,24
224,"POLYGON ((659533.214386241 5208047.748101778, 664259.2953453237 5208047.748101778, 666622.3358248651 5212140.654272686, 664259.2953453237 5216233.560443593, 659533.214386241 5216233.560443593, 657170.1739066996 5212140.654272686, 659533.214386241 5208047.748101778))",58030217.76491352,82,7,8207,32646,0.8607305832563434,5842.957538632552,8270,24
225,"POLYGON ((666622.3358248651 5212140.654272686, 671348.4167839478 5212140.654272686, 673711.4572634893 5216233.560443593, 671348.4167839478 5220326.466614501, 666622.3358248651 5220326.466614501, 664259.2953453237 5216233.560443593, 666622.3358248651 5212140.654272686))",58030217.76491352,82,7,8207,32646,0.006952130531190703,5842.957538632552,8270,24
226,"POLYGON ((659533.214386241 5216233.560443593, 664259.2953453237 5216233.560443593, 666622.3358248651 5220326.466614501, 664259.2953453237 5224419.372785408, 659533.214386241 5224419.372785408, 657170.1739066996 5220326.466614501, 659533.214386241 5216233.560443593))",58030217.76491352,82,7,8207,32646,0.5107473025775657,5842.957538632552,8270,24
227,"POLYGON ((666622.3358248651 5220326.466614501, 671348.4167839478 5220326.466614501, 673711.4572634893 5224419.372785408, 671348.4167839478 5228512.2789563155, 666622.3358248651 5228512.2789563155, 664259.2953453237 5224419.372785408, 666622.3358248651 5220326.466614501))",58030217.76491352,82,7,8207,32646,0.417411003148779,5842.957538632552,8270,24
228,"POLYGON ((659533.214386241 5224419.372785408, 664259.2953453237 5224419.372785408, 666622.3358248651 5228512.2789563155, 664259.2953453237 5232605.185127223, 659533.214386241 5232605.185127223, 657170.1739066996 5228512.2789563155, 659533.214386241 5224419.372785408))",58030217.76491352,82,7,8207,32646,0.22210781047073025,5842.957538632552,8270,24
229,"POLYGON ((666622.3358248651 5228512.2789563155, 671348.4167839478 5228512.2789563155, 673711.4572634893 5232605.185127223, 671348.4167839478 5236698.09129813, 666622.3358248651 5236698.09129813, 664259.2953453237 5232605.185127223, 666622.3358248651 5228512.2789563155))",58030217.76491352,82,7,8207,32646,0.1198653673336828,5842.957538632552,8270,24
230,"POLYGON ((659533.214386241 5232605.185127223, 664259.2953453237 5232605.185127223, 666622.3358248651 5236698.09129813, 664259.2953453237 5240790.997469038, 659533.214386241 5240790.997469038, 657170.1739066996 5236698.09129813, 659533.214386241 5232605.185127223))",58030217.76491352,82,7,8207,32646,0.33761517140362796,5842.957538632552,8270,24
231,"POLYGON ((666622.3358248651 5236698.09129813, 671348.4167839478 5236698.09129813, 673711.4572634893 5240790.997469038, 671348.4167839478 5244883.903639945, 666622.3358248651 5244883.903639945, 664259.2953453237 5240790.997469038, 666622.3358248651 5236698.09129813))",58030217.76491352,82,7,8207,32646,0.9429097039125192,5842.957538632552,8270,24
232,"POLYGON ((659533.214386241 5240790.997469038, 664259.2953453237 5240790.997469038, 666622.3358248651 5244883.903639945, 664259.2953453237 5248976.809810853, 659533.214386241 5248976.809810853, 657170.1739066996 5244883.903639945, 659533.214386241 5240790.997469038))",58030217.76491352,82,7,8207,32646,0.32320293202075523,5842.957538632552,8270,24
233,"POLYGON ((666622.3358248651 5244883.903639945, 671348.4167839478 5244883.903639945, 673711.4572634893 5248976.809810853, 671348.4167839478 5253069.71598176, 666622.3358248651 5253069.71598176, 664259.2953453237 5248976.809810853, 666622.3358248651 5244883.903639945))",58030217.76491352,82,7,8207,32646,0.5187906217433661,5842.957538632552,8270,24
234,"POLYGON ((659533.214386241 5248976.809810853, 664259.2953453237 5248976.809810853, 666622.3358248651 5253069.71598176, 664259.2953453237 5257162.6221526675, 659533.214386241 5257162.6221526675, 657170.1739066996 5253069.71598176, 659533.214386241 5248976.809810853))",58030217.76491352,82,7,8207,32646,0.7030189588951778,5842.957538632552,8270,24
235,"POLYGON ((666622.3358248651 5253069.71598176, 671348.4167839478 5253069.71598176, 673711.4572634893 5257162.6221526675, 671348.4167839478 5261255.528323575, 666622.3358248651 5261255.528323575, 664259.2953453237 5257162.6221526675, 666622.3358248651 5253069.71598176))",58030217.76491352,82,7,8207,32646,0.363629602379294,5842.957538632552,8270,24
236,"POLYGON ((659533.214386241 5257162.6221526675, 664259.2953453237 5257162.6221526675, 666622.3358248651 5261255.528323575, 664259.2953453237 5265348.434494482, 659533.214386241 5265348.434494482, 657170.1739066996 5261255.528323575, 659533.214386241 5257162.6221526675))",58030217.76491352,82,7,8207,32646,0.9717820827209607,5842.957538632552,8270,24
237,"POLYGON ((666622.3358248651 5261255.528323575, 671348.4167839478 5261255.528323575, 673711.4572634893 5265348.434494482, 671348.4167839478 5269441.34066539, 666622.3358248651 5269441.34066539, 664259.2953453237 5265348.434494482, 666622.3358248651 5261255.528323575))",58030217.76491352,82,7,8207,32646,0.9624472949421112,5842.957538632552,8270,24
238,"POLYGON ((659533.214386241 5265348.434494482, 664259.2953453237 5265348.434494482, 666622.3358248651 5269441.34066539, 664259.2953453237 5273534.246836297, 659533.214386241 5273534.246836297, 657170.1739066996 5269441.34066539, 659533.214386241 5265348.434494482))",58030217.76491352,82,7,8207,32646,0.25178229582536416,5842.957538632552,8270,24
239,"POLYGON ((666622.3358248651 5269441.34066539, 671348.4167839478 5269441.34066539, 673711.4572634893 5273534.246836297, 671348.4167839478 5277627.153007205, 666622.3358248651 5277627.153007205, 664259.2953453237 5273534.246836297, 666622.3358248651 5269441.34066539))",58030217.76491352,82,7,8207,32646,0.49724850589238545,5842.957538632552,8270,24
240,"POLYGON ((673711.4572634893 5109818, 678437.538222572 5109818, 680800.5787021134 5113910.906170907, 678437.538222572 5118003.812341815, 673711.4572634893 5118003.812341815, 671348.4167839478 5113910.906170907, 673711.4572634893 5109818))",58030217.76491352,82,49,8249,32646,0.30087830981676966,5725.977776872491,1860,81
241,"POLYGON ((680800.5787021134 5113910.906170907, 685526.659661196 5113910.906170907, 687889.7001407375 5118003.812341815, 685526.659661196 5122096.718512722, 680800.5787021134 5122096.718512722, 678437.538222572 5118003.812341815, 680800.5787021134 5113910.906170907))",58030217.76491352,82,49,8249,32646,0.2848404943774676,5725.977776872491,1860,81
242,"POLYGON ((673711.4572634893 5118003.812341815, 678437.538222572 5118003.812341815, 680800.5787021134 5122096.718512722, 678437.538222572 5126189.62468363, 673711.4572634893 5126189.62468363, 671348.4167839478 5122096.718512722, 673711.4572634893 5118003.812341815))",58030217.76491352,82,49,8249,32646,0.036886947354532795,5725.977776872491,1860,81
243,"POLYGON ((680800.5787021134 5122096.718512722, 685526.659661196 5122096.718512722, 687889.7001407375 5126189.62468363, 685526.659661196 5130282.530854537, 680800.5787021134 5130282.530854537, 678437.538222572 5126189.62468363, 680800.5787021134 5122096.718512722))",58030217.76491352,82,49,8249,32646,0.6095643339798968,5725.977776872491,1860,81
244,"POLYGON ((673711.4572634893 5126189.62468363, 678437.538222572 5126189.62468363, 680800.5787021134 5130282.530854537, 678437.538222572 5134375.437025445, 673711.4572634893 5134375.437025445, 671348.4167839478 5130282.530854537, 673711.4572634893 5126189.62468363))",58030217.76491352,82,49,8249,32646,0.5026790232288615,5725.977776872491,1860,81
245,"POLYGON ((680800.5787021134 5130282.530854537, 685526.659661196 5130282.530854537, 687889.7001407375 5134375.437025445, 685526.659661196 5138468.343196352, 680800.5787021134 5138468.343196352, 678437.538222572 5134375.437025445, 680800.5787021134 5130282.530854537))",58030217.76491352,82,49,8249,32646,0.05147875124998935,5725.977776872491,1860,81
246,"POLYGON ((673711.4572634893 5134375.437025445, 678437.538222572 5134375.437025445, 680800.5787021134 5138468.343196352, 678437.538222572 5142561.249367259, 673711.4572634893 5142561.249367259, 671348.4167839478 5138468.343196352, 673711.4572634893 5134375.437025445))",58030217.76491352,82,49,8249,32646,0.27864646423661144,5725.977776872491,1860,81
247,"POLYGON ((680800.5787021134 5138468.343196352, 685526.659661196 5138468.343196352, 687889.7001407375 5142561.249367259, 685526.659661196 5146654.155538167, 680800.5787021134 5146654.155538167, 678437.538222572 5142561.249367259, 680800.5787021134 5138468.343196352))",58030217.76491352,82,49,8249,32646,0.9082658859666537,5725.977776872491,1860,81
248,"POLYGON ((673711.4572634893 5142561.249367259, 678437.538222572 5142561.249367259, 680800.5787021134 5146654.155538167, 678437.538222572 5150747.061709074, 673711.4572634893 5150747.061709074, 671348.4167839478 5146654.155538167, 673711.4572634893 5142561.249367259))",58030217.76491352,82,49,8249,32646,0.23956189066697242,5725.977776872491,1860,81
249,"POLYGON ((680800.5787021134 5146654.155538167, 685526.659661196 5146654.155538167, 687889.7001407375 5150747.061709074, 685526.659661196 5154839.967879982, 680800.5787021134 5154839.967879982, 678437.538222572 5150747.061709074, 680800.5787021134 5146654.155538167))",58030217.76491352,82,49,8249,32646,0.1448948720912231,5725.977776872491,1860,81
250,"POLYGON ((673711.4572634893 5150747.061709074, 678437.538222572 5150747.061709074, 680800.5787021134 5154839.967879982, 678437.538222572 5158932.874050889, 673711.4572634893 5158932.874050889, 671348.4167839478 5154839.967879982, 673711.4572634893 5150747.061709074))",58030217.76491352,82,49,8249,32646,0.489452760277563,5725.977776872491,1860,81
251,"POLYGON ((680800.5787021134 5154839.967879982, 685526.659661196 5154839.967879982, 687889.7001407375 5158932.874050889, 685526.659661196 5163025.780221797, 680800.5787021134 5163025.780221797, 678437.538222572 5158932.874050889, 680800.5787021134 5154839.967879982))",58030217.76491352,82,49,8249,32646,0.9856504541106007,5725.977776872491,1860,81
252,"POLYGON ((673711.4572634893 5158932.874050889, 678437.538222572 5158932.874050889, 680800.5787021134 5163025.780221797, 678437.538222572 5167118.686392704, 673711.4572634893 5167118.686392704, 671348.4167839478 5163025.780221797, 673711.4572634893 5158932.874050889))",58030217.76491352,82,49,8249,32646,0.2420552715115004,5725.977776872491,1860,81
253,"POLYGON ((680800.5787021134 5163025.780221797, 685526.659661196 5163025.780221797, 687889.7001407375 5167118.686392704, 685526.659661196 5171211.592563611, 680800.5787021134 5171211.592563611, 678437.538222572 5167118.686392704, 680800.5787021134 5163025.780221797))",58030217.76491352,82,49,8249,32646,0.6721355474058786,5725.977776872491,1860,81
254,"POLYGON ((673711.4572634893 5167118.686392704, 678437.538222572 5167118.686392704, 680800.5787021134 5171211.592563611, 678437.538222572 5175304.498734519, 673711.4572634893 5175304.498734519, 671348.4167839478 5171211.592563611, 673711.4572634893 5167118.686392704))",58030217.76491352,82,49,8249,32646,0.7616196153287176,5725.977776872491,1860,81
255,"POLYGON ((680800.5787021134 5171211.592563611, 685526.659661196 5171211.592563611, 687889.7001407375 5175304.498734519, 685526.659661196 5179397.404905426, 680800.5787021134 5179397.404905426, 678437.538222572 5175304.498734519, 680800.5787021134 5171211.592563611))",58030217.76491352,82,49,8249,32646,0.23763754399239967,5725.977776872491,1860,81
256,"POLYGON ((673711.4572634893 5175304.498734519, 678437.538222572 5175304.498734519, 680800.5787021134 5179397.404905426, 678437.538222572 5183490.311076334, 673711.4572634893 5183490.311076334, 671348.4167839478 5179397.404905426, 673711.4572634893 5175304.498734519))",58030217.76491352,82,49,8249,32646,0.7282163486118596,5725.977776872491,1860,81
257,"POLYGON ((680800.5787021134 5179397.404905426, 685526.659661196 5179397.404905426, 687889.7001407375 5183490.311076334, 685526.659661196 5187583.217247241, 680800.5787021134 5187583.217247241, 678437.538222572 5183490.311076334, 680800.5787021134 5179397.404905426))",58030217.76491352,82,7,8207,32646,0.3677831327192532,5842.957538632552,8270,24
258,"POLYGON ((673711.4572634893 5183490.311076334, 678437.538222572 5183490.311076334, 680800.5787021134 5187583.217247241, 678437.538222572 5191676.123418149, 673711.4572634893 5191676.123418149, 671348.4167839478 5187583.217247241, 673711.4572634893 5183490.311076334))",58030217.76491352,82,7,8207,32646,0.6323058305935795,5842.957538632552,8270,24
259,"POLYGON ((680800.5787021134 5187583.217247241, 685526.659661196 5187583.217247241, 687889.7001407375 5191676.123418149, 685526.659661196 5195769.029589056, 680800.5787021134 5195769.029589056, 678437.538222572 5191676.123418149, 680800.5787021134 5187583.217247241))",58030217.76491352,82,7,8207,32646,0.6335297107608947,5842.957538632552,8270,24
260,"POLYGON ((673711.4572634893 5191676.123418149, 678437.538222572 5191676.123418149, 680800.5787021134 5195769.029589056, 678437.538222572 5199861.9357599635, 673711.4572634893 5199861.9357599635, 671348.4167839478 5195769.029589056, 673711.4572634893 5191676.123418149))",58030217.76491352,82,7,8207,32646,0.5357746840747585,5842.957538632552,8270,24
261,"POLYGON ((680800.5787021134 5195769.029589056, 685526.659661196 5195769.029589056, 687889.7001407375 5199861.9357599635, 685526.659661196 5203954.841930871, 680800.5787021134 5203954.841930871, 678437.538222572 5199861.9357599635, 680800.5787021134 5195769.029589056))",58030217.76491352,82,7,8207,32646,0.0902897700544083,5842.957538632552,8270,24
262,"POLYGON ((673711.4572634893 5199861.9357599635, 678437.538222572 5199861.9357599635, 680800.5787021134 5203954.841930871, 678437.538222572 5208047.748101778, 673711.4572634893 5208047.748101778, 671348.4167839478 5203954.841930871, 673711.4572634893 5199861.9357599635))",58030217.76491352,82,7,8207,32646,0.835302495589238,5842.957538632552,8270,24
263,"POLYGON ((680800.5787021134 5203954.841930871, 685526.659661196 5203954.841930871, 687889.7001407375 5208047.748101778, 685526.659661196 5212140.654272686, 680800.5787021134 5212140.654272686, 678437.538222572 5208047.748101778, 680800.5787021134 5203954.841930871))",58030217.76491352,82,7,8207,32646,0.32078006497173583,5842.957538632552,8270,24
264,"POLYGON ((673711.4572634893 5208047.748101778, 678437.538222572 5208047.748101778, 680800.5787021134 5212140.654272686, 678437.538222572 5216233.560443593, 673711.4572634893 5216233.560443593, 671348.4167839478 5212140.654272686, 673711.4572634893 5208047.748101778))",58030217.76491352,82,7,8207,32646,0.18651851039985423,5842.957538632552,8270,24
265,"POLYGON ((680800.5787021134 5212140.654272686, 685526.659661196 5212140.654272686, 687889.7001407375 5216233.560443593, 685526.659661196 5220326.466614501, 680800.5787021134 5220326.466614501, 678437.538222572 5216233.560443593, 680800.5787021134 5212140.654272686))",58030217.76491352,82,7,8207,32646,0.040775141554763916,5842.957538632552,8270,24
266,"POLYGON ((673711.4572634893 5216233.560443593, 678437.538222572 5216233.560443593, 680800.5787021134 5220326.466614501, 678437.538222572 5224419.372785408, 673711.4572634893 5224419.372785408, 671348.4167839478 5220326.466614501, 673711.4572634893 5216233.560443593))",58030217.76491352,82,7,8207,32646,0.5908929431882418,5842.957538632552,8270,24
267,"POLYGON ((680800.5787021134 5220326.466614501, 685526.659661196 5220326.466614501, 687889.7001407375 5224419.372785408, 685526.659661196 5228512.2789563155, 680800.5787021134 5228512.2789563155, 678437.538222572 5224419.372785408, 680800.5787021134 5220326.466614501))",58030217.76491352,82,7,8207,32646,0.6775643618422824,5842.957538632552,8270,24
268,"POLYGON ((673711.4572634893 5224419.372785408, 678437.538222572 5224419.372785408, 680800.5787021134 5228512.2789563155, 678437.538222572 5232605.185127223, 673711.4572634893 5232605.185127223, 671348.4167839478 5228512.2789563155, 673711.4572634893 5224419.372785408))",58030217.76491352,82,7,8207,32646,0.016587828927856152,5842.957538632552,8270,24
269,"POLYGON ((680800.5787021134 5228512.2789563155, 685526.659661196 5228512.2789563155, 687889.7001407375 5232605.185127223, 685526.659661196 5236698.09129813, 680800.5787021134 5236698.09129813, 678437.538222572 5232605.185127223, 680800.5787021134 5228512.2789563155))",58030217.76491352,82,7,8207,32646,0.512093058299281,5842.957538632552,8270,24
270,"POLYGON ((673711.4572634893 5232605.185127223, 678437.538222572 5232605.185127223, 680800.5787021134 5236698.09129813, 678437.538222572 5240790.997469038, 673711.4572634893 5240790.997469038, 671348.4167839478 5236698.09129813, 673711.4572634893 5232605.185127223))",58030217.76491352,82,7,8207,32646,0.22649577519793795,5842.957538632552,8270,24
271,"POLYGON ((680800.5787021134 5236698.09129813, 685526.659661196 5236698.09129813, 687889.7001407375 5240790.997469038, 685526.659661196 5244883.903639945, 680800.5787021134 5244883.903639945, 678437.538222572 5240790.997469038, 680800.5787021134 5236698.09129813))",58030217.76491352,82,7,8207,32646,0.6451727904094499,5842.957538632552,8270,24
272,"POLYGON ((673711.4572634893 5240790.997469038, 678437.538222572 5240790.997469038, 680800.5787021134 5244883.903639945, 678437.538222572 5248976.809810853, 673711.4572634893 5248976.809810853, 671348.4167839478 5244883.903639945, 673711.4572634893 5240790.997469038))",58030217.76491352,82,7,8207,32646,0.17436642900499144,5842.957538632552,8270,24
273,"POLYGON ((680800.5787021134 5244883.903639945, 685526.659661196 5244883.903639945, 687889.7001407375 5248976.809810853, 685526.659661196 5253069.71598176, 680800.5787021134 5253069.71598176, 678437.538222572 5248976.809810853, 680800.5787021134 5244883.903639945))",58030217.76491352,82,7,8207,32646,0.690937738102466,5842.957538632552,8270,24
274,"POLYGON ((673711.4572634893 5248976.809810853, 678437.538222572 5248976.809810853, 680800.5787021134 5253069.71598176, 678437.538222572 5257162.6221526675, 673711.4572634893 5257162.6221526675, 671348.4167839478 5253069.71598176, 673711.4572634893 5248976.809810853))",58030217.76491352,82,7,8207,32646,0.3867353463005374,5842.957538632552,8270,24
275,"POLYGON ((680800.5787021134 5253069.71598176, 685526.659661196 5253069.71598176, 687889.7001407375 5257162.6221526675, 685526.659661196 5261255.528323575, 680800.5787021134 5261255.528323575, 678437.538222572 5257162.6221526675, 680800.5787021134 5253069.71598176))",58030217.76491352,82,7,8207,32646,0.9367299887367345,5842.957538632552,8270,24
276,"POLYGON ((673711.4572634893 5257162.6221526675, 678437.538222572 5257162.6221526675, 680800.5787021134 5261255.528323575, 678437.538222572 5265348.434494482, 673711.4572634893 5265348.434494482, 671348.4167839478 5261255.528323575, 673711.4572634893 5257162.6221526675))",58030217.76491352,82,7,8207,32646,0.13752094414599325,5842.957538632552,8270,24
277,"POLYGON ((680800.5787021134 5261255.528323575, 685526.659661196 5261255.528323575, 687889.7001407375 5265348.434494482, 685526.659661196 5269441.34066539, 680800.5787021134 5269441.34066539, 678437.538222572 5265348.434494482, 680800.5787021134 5261255.528323575))",58030217.76491352,82,7,8207,32646,0.3410663510502585,5842.957538632552,8270,24
278,"POLYGON ((673711.4572634893 5265348.434494482, 678437.538222572 5265348.434494482, 680800.5787021134 5269441.34066539, 678437.538222572 5273534.246836297, 673711.4572634893 5273534.246836297, 671348.4167839478 5269441.34066539, 673711.4572634893 5265348.434494482))",58030217.76491352,82,7,8207,32646,0.11347352124058907,5842.957538632552,8270,24
279,"POLYGON ((680800.5787021134 5269441.34066539, 685526.659661196 5269441.34066539, 687889.7001407375 5273534.246836297, 685526.659661196 5277627.153007205, 680800.5787021134 5277627.153007205, 678437.538222572 5273534.246836297, 680800.5787021134 5269441.34066539))",58030217.76491352,82,7,8207,32646,0.9246936182785628,5842.957538632552,8270,24
282,"POLYGON ((687889.7001407375 5118003.812341815, 692615.7810998202 5118003.812341815, 694978.8215793616 5122096.718512722, 692615.7810998202 5126189.62468363, 687889.7001407375 5126189.62468363, 685526.659661196 5122096.718512722, 687889.7001407375 5118003.812341815))",58030217.76491352,82,49,8249,32646,0.877339353380981,5725.977776872491,1860,81
283,"POLYGON ((694978.8215793616 5122096.718512722, 699704.9025384443 5122096.718512722, 702067.9430179857 5126189.62468363, 699704.9025384443 5130282.530854537, 694978.8215793616 5130282.530854537, 692615.7810998202 5126189.62468363, 694978.8215793616 5122096.718512722))",58030217.76491352,82,49,8249,32646,0.2579416277151556,5725.977776872491,1860,81
284,"POLYGON ((687889.7001407375 5126189.62468363, 692615.7810998202 5126189.62468363, 694978.8215793616 5130282.530854537, 692615.7810998202 5134375.437025445, 687889.7001407375 5134375.437025445, 685526.659661196 5130282.530854537, 687889.7001407375 5126189.62468363))",58030217.76491352,82,49,8249,32646,0.659984046034179,5725.977776872491,1860,81
285,"POLYGON ((694978.8215793616 5130282.530854537, 699704.9025384443 5130282.530854537, 702067.9430179857 5134375.437025445, 699704.9025384443 5138468.343196352, 694978.8215793616 5138468.343196352, 692615.7810998202 5134375.437025445, 694978.8215793616 5130282.530854537))",58030217.76491352,82,49,8249,32646,0.8172222002012158,5725.977776872491,1860,81
286,"POLYGON ((687889.7001407375 5134375.437025445, 692615.7810998202 5134375.437025445, 694978.8215793616 5138468.343196352, 692615.7810998202 5142561.249367259, 687889.7001407375 5142561.249367259, 685526.659661196 5138468.343196352, 687889.7001407375 5134375.437025445))",58030217.76491352,82,49,8249,32646,0.5552008115994623,5725.977776872491,1860,81
287,"POLYGON ((694978.8215793616 5138468.343196352, 699704.9025384443 5138468.343196352, 702067.9430179857 5142561.249367259, 699704.9025384443 5146654.155538167, 694978.8215793616 5146654.155538167, 692615.7810998202 5142561.249367259, 694978.8215793616 5138468.343196352))",58030217.76491352,82,49,8249,32646,0.5296505783560065,5725.977776872491,1860,81
288,"POLYGON ((687889.7001407375 5142561.249367259, 692615.7810998202 5142561.249367259, 694978.8215793616 5146654.155538167, 692615.7810998202 5150747.061709074, 687889.7001407375 5150747.061709074, 685526.659661196 5146654.155538167, 687889.7001407375 5142561.249367259))",58030217.76491352,82,49,8249,32646,0.24185229090045168,5725.977776872491,1860,81
289,"POLYGON ((694978.8215793616 5146654.155538167, 699704.9025384443 5146654.155538167, 702067.9430179857 5150747.061709074, 699704.9025384443 5154839.967879982, 694978.8215793616 5154839.967879982, 692615.7810998202 5150747.061709074, 694978.8215793616 5146654.155538167))",58030217.76491352,82,49,8249,32646,0.09310276780589921,5725.977776872491,1860,81
290,"POLYGON ((687889.7001407375 5150747.061709074, 692615.7810998202 5150747.061709074, 694978.8215793616 5154839.967879982, 692615.7810998202 5158932.874050889, 687889.7001407375 5158932.874050889, 685526.659661196 5154839.967879982, 687889.7001407375 5150747.061709074))",58030217.76491352,82,49,8249,32646,0.8972157579533268,5725.977776872491,1860,81
291,"POLYGON ((694978.8215793616 5154839.967879982, 699704.9025384443 5154839.967879982, 702067.9430179857 5158932.874050889, 699704.9025384443 5163025.780221797, 694978.8215793616 5163025.780221797, 692615.7810998202 5158932.874050889, 694978.8215793616 5154839.967879982))",58030217.76491352,82,49,8249,32646,0.9004180571633305,5725.977776872491,1860,81
292,"POLYGON ((687889.7001407375 5158932.874050889, 692615.7810998202 5158932.874050889, 694978.8215793616 5163025.780221797, 692615.7810998202 5167118.686392704, 687889.7001407375 5167118.686392704, 685526.659661196 5163025.780221797, 687889.7001407375 5158932.874050889))",58030217.76491352,82,49,8249,32646,0.6331014572732679,5725.977776872491,1860,81
293,"POLYGON ((694978.8215793616 5163025.780221797, 699704.9025384443 5163025.780221797, 702067.9430179857 5167118.686392704, 699704.9025384443 5171211.592563611, 694978.8215793616 5171211.592563611, 692615.7810998202 5167118.686392704, 694978.8215793616 5163025.780221797))",58030217.76491352,82,49,8249,32646,0.3390297910487007,5725.977776872491,1860,81
294,"POLYGON ((687889.7001407375 5167118.686392704, 692615.7810998202 5167118.686392704, 694978.8215793616 5171211.592563611, 692615.7810998202 5175304.498734519, 687889.7001407375 5175304.498734519, 685526.659661196 5171211.592563611, 687889.7001407375 5167118.686392704))",58030217.76491352,82,49,8249,32646,0.3492095746126609,5725.977776872491,1860,81
295,"POLYGON ((694978.8215793616 5171211.592563611, 699704.9025384443 5171211.592563611, 702067.9430179857 5175304.498734519, 699704.9025384443 5179397.404905426, 694978.8215793616 5179397.404905426, 692615.7810998202 5175304.498734519, 694978.8215793616 5171211.592563611))",58030217.76491352,82,49,8249,32646,0.7259556788702394,5725.977776872491,1860,81
296,"POLYGON ((687889.7001407375 5175304.498734519, 692615.7810998202 5175304.498734519, 694978.8215793616 5179397.404905426, 692615.7810998202 5183490.311076334, 687889.7001407375 5183490.311076334, 685526.659661196 5179397.404905426, 687889.7001407375 5175304.498734519))",58030217.76491352,82,49,8249,32646,0.8971102599525771,5725.977776872491,1860,81
297,"POLYGON ((694978.8215793616 5179397.404905426, 699704.9025384443 5179397.404905426, 702067.9430179857 5183490.311076334, 699704.9025384443 5187583.217247241, 694978.8215793616 5187583.217247241, 692615.7810998202 5183490.311076334, 694978.8215793616 5179397.404905426))",58030217.76491352,82,49,8249,32646,0.8870864242651173,5725.977776872491,1860,81
298,"POLYGON ((687889.7001407375 5183490.311076334, 692615.7810998202 5183490.311076334, 694978.8215793616 5187583.217247241, 692615.7810998202 5191676.123418149, 687889.7001407375 5191676.123418149, 685526.659661196 5187583.217247241, 687889.7001407375 5183490.311076334))",58030217.76491352,82,49,8249,32646,0.7798755458576239,5725.977776872491,1860,81
299,"POLYGON ((694978.8215793616 5187583.217247241, 699704.9025384443 5187583.217247241, 702067.9430179857 5191676.123418149, 699704.9025384443 5195769.029589056, 694978.8215793616 5195769.029589056, 692615.7810998202 5191676.123418149, 694978.8215793616 5187583.217247241))",58030217.76491352,82,49,8249,32646,0.6420316461542878,5725.977776872491,1860,81
300,"POLYGON ((687889.7001407375 5191676.123418149, 692615.7810998202 5191676.123418149, 694978.8215793616 5195769.029589056, 692615.7810998202 5199861.9357599635, 687889.7001407375 5199861.9357599635, 685526.659661196 5195769.029589056, 687889.7001407375 5191676.123418149))",58030217.76491352,82,7,8207,32646,0.08413996499504883,5842.957538632552,8270,24
301,"POLYGON ((694978.8215793616 5195769.029589056, 699704.9025384443 5195769.029589056, 702067.9430179857 5199861.9357599635, 699704.9025384443 5203954.841930871, 694978.8215793616 5203954.841930871, 692615.7810998202 5199861.9357599635, 694978.8215793616 5195769.029589056))",58030217.76491352,82,7,8207,32646,0.16162871409461377,5842.957538632552,8270,24
302,"POLYGON ((687889.7001407375 5199861.9357599635, 692615.7810998202 5199861.9357599635, 694978.8215793616 5203954.841930871, 692615.7810998202 5208047.748101778, 687889.7001407375 5208047.748101778, 685526.659661196 5203954.841930871, 687889.7001407375 5199861.9357599635))",58030217.76491352,82,7,8207,32646,0.8985541885270792,5842.957538632552,8270,24
304,"POLYGON ((687889.7001407375 5208047.748101778, 692615.7810998202 5208047.748101778, 694978.8215793616 5212140.654272686, 692615.7810998202 5216233.560443593, 687889.7001407375 5216233.560443593, 685526.659661196 5212140.654272686, 687889.7001407375 5208047.748101778))",58030217.76491352,82,7,8207,32646,0.6064290596595899,5842.957538632552,8270,24
305,"POLYGON ((694978.8215793616 5212140.654272686, 699704.9025384443 5212140.654272686, 702067.9430179857 5216233.560443593, 699704.9025384443 5220326.466614501, 694978.8215793616 5220326.466614501, 692615.7810998202 5216233.560443593, 694978.8215793616 5212140.654272686))",58030217.76491352,82,7,8207,32646,0.009197051616629648,5842.957538632552,8270,24
306,"POLYGON ((687889.7001407375 5216233.560443593, 692615.7810998202 5216233.560443593, 694978.8215793616 5220326.466614501, 692615.7810998202 5224419.372785408, 687889.7001407375 5224419.372785408, 685526.659661196 5220326.466614501, 687889.7001407375 5216233.560443593))",58030217.76491352,82,7,8207,32646,0.1014715428660321,5842.957538632552,8270,24
308,"POLYGON ((687889.7001407375 5224419.372785408, 692615.7810998202 5224419.372785408, 694978.8215793616 5228512.2789563155, 692615.7810998202 5232605.185127223, 687889.7001407375 5232605.185127223, 685526.659661196 5228512.2789563155, 687889.7001407375 5224419.372785408))",58030217.76491352,82,7,8207,32646,0.6635017691080558,5842.957538632552,8270,24
312,"POLYGON ((687889.7001407375 5240790.997469038, 692615.7810998202 5240790.997469038, 694978.8215793616 5244883.903639945, 692615.7810998202 5248976.809810853, 687889.7001407375 5248976.809810853, 685526.659661196 5244883.903639945, 687889.7001407375 5240790.997469038))",58030217.76491352,82,7,8207,32646,0.005061583846218687,5842.957538632552,8270,24
313,"POLYGON ((694978.8215793616 5244883.903639945, 699704.9025384443 5244883.903639945, 702067.9430179857 5248976.809810853, 699704.9025384443 5253069.71598176, 694978.8215793616 5253069.71598176, 692615.7810998202 5248976.809810853, 694978.8215793616 5244883.903639945))",58030217.76491352,82,7,8207,32646,0.16080805141749865,5842.957538632552,8270,24
314,"POLYGON ((687889.7001407375 5248976.809810853, 692615.7810998202 5248976.809810853, 694978.8215793616 5253069.71598176, 692615.7810998202 5257162.6221526675, 687889.7001407375 5257162.6221526675, 685526.659661196 5253069.71598176, 687889.7001407375 5248976.809810853))",58030217.76491352,82,7,8207,32646,0.5487337893665861,5842.957538632552,8270,24
315,"POLYGON ((694978.8215793616 5253069.71598176, 699704.9025384443 5253069.71598176, 702067.9430179857 5257162.6221526675, 699704.9025384443 5261255.528323575, 694978.8215793616 5261255.528323575, 692615.7810998202 5257162.6221526675, 694978.8215793616 5253069.71598176))",58030217.76491352,82,7,8207,32646,0.6918951976926933,5842.957538632552,8270,24
316,"POLYGON ((687889.7001407375 5257162.6221526675, 692615.7810998202 5257162.6221526675, 694978.8215793616 5261255.528323575, 692615.7810998202 5265348.434494482, 687889.7001407375 5265348.434494482, 685526.659661196 5261255.528323575, 687889.7001407375 5257162.6221526675))",58030217.76491352,82,7,8207,32646,0.6519612595026005,5842.957538632552,8270,24
317,"POLYGON ((694978.8215793616 5261255.528323575, 699704.9025384443 5261255.528323575, 702067.9430179857 5265348.434494482, 699704.9025384443 5269441.34066539, 694978.8215793616 5269441.34066539, 692615.7810998202 5265348.434494482, 694978.8215793616 5261255.528323575))",58030217.76491352,82,7,8207,32646,0.22426930946055978,5842.957538632552,8270,24
318,"POLYGON ((687889.7001407375 5265348.434494482, 692615.7810998202 5265348.434494482, 694978.8215793616 5269441.34066539, 692615.7810998202 5273534.246836297, 687889.7001407375 5273534.246836297, 685526.659661196 5269441.34066539, 687889.7001407375 5265348.434494482))",58030217.76491352,82,7,8207,32646,0.7121792213475359,5842.957538632552,8270,24
324,"POLYGON ((702067.9430179857 5126189.62468363, 706794.0239770684 5126189.62468363, 709157.0644566098 5130282.530854537, 706794.0239770684 5134375.437025445, 702067.9430179857 5134375.437025445, 699704.9025384443 5130282.530854537, 702067.9430179857 5126189.62468363))",58030217.76491352,82,49,8249,32646,0.23724908749680007,5725.977776872491,1860,81
325,"POLYGON ((709157.0644566098 5130282.530854537, 713883.1454156925 5130282.530854537, 716246.1858952339 5134375.437025445, 713883.1454156925 5138468.343196352, 709157.0644566098 5138468.343196352, 706794.0239770684 5134375.437025445, 709157.0644566098 5130282.530854537))",58030217.76491352,82,49,8249,32646,0.3253996981592677,5725.977776872491,1860,81
326,"POLYGON ((702067.9430179857 5134375.437025445, 706794.0239770684 5134375.437025445, 709157.0644566098 5138468.343196352, 706794.0239770684 5142561.249367259, 702067.9430179857 5142561.249367259, 699704.9025384443 5138468.343196352, 702067.9430179857 5134375.437025445))",58030217.76491352,82,49,8249,32646,0.7464914051180241,5725.977776872491,1860,81
327,"POLYGON ((709157.0644566098 5138468.343196352, 713883.1454156925 5138468.343196352, 716246.1858952339 5142561.249367259, 713883.1454156925 5146654.155538167, 709157.0644566098 5146654.155538167, 706794.0239770684 5142561.249367259, 709157.0644566098 5138468.343196352))",58030217.76491352,82,49,8249,32646,0.6496328990472147,5725.977776872491,1860,81
328,"POLYGON ((702067.9430179857 5142561.249367259, 706794.0239770684 5142561.249367259, 709157.0644566098 5146654.155538167, 706794.0239770684 5150747.061709074, 702067.9430179857 5150747.061709074, 699704.9025384443 5146654.155538167, 702067.9430179857 5142561.249367259))",58030217.76491352,82,49,8249,32646,0.8492234104941779,5725.977776872491,1860,81
329,"POLYGON ((709157.0644566098 5146654.155538167, 713883.1454156925 5146654.155538167, 716246.1858952339 5150747.061709074, 713883.1454156925 5154839.967879982, 709157.0644566098 5154839.967879982, 706794.0239770684 5150747.061709074, 709157.0644566098 5146654.155538167))",58030217.76491352,82,49,8249,32646,0.6576128923003434,5725.977776872491,1860,81
330,"POLYGON ((702067.9430179857 5150747.061709074, 706794.0239770684 5150747.061709074, 709157.0644566098 5154839.967879982, 706794.0239770684 5158932.874050889, 702067.9430179857 5158932.874050889, 699704.9025384443 5154839.967879982, 702067.9430179857 5150747.061709074))",58030217.76491352,82,49,8249,32646,0.5683086033354716,5725.977776872491,1860,81
331,"POLYGON ((709157.0644566098 5154839.967879982, 713883.1454156925 5154839.967879982, 716246.1858952339 5158932.874050889, 713883.1454156925 5163025.780221797, 709157.0644566098 5163025.780221797, 706794.0239770684 5158932.874050889, 709157.0644566098 5154839.967879982))",58030217.76491352,82,49,8249,32646,0.09367476782809248,5725.977776872491,1860,81
332,"POLYGON ((702067.9430179857 5158932.874050889, 706794.0239770684 5158932.874050889, 709157.0644566098 5163025.780221797, 706794.0239770684 5167118.686392704, 702067.9430179857 5167118.686392704, 699704.9025384443 5163025.780221797, 702067.9430179857 5158932.874050889))",58030217.76491352,82,49,8249,32646,0.3677158030594335,5725.977776872491,1860,81
333,"POLYGON ((709157.0644566098 5163025.780221797, 713883.1454156925 5163025.780221797, 716246.1858952339 5167118.686392704, 713883.1454156925 5171211.592563611, 709157.0644566098 5171211.592563611, 706794.0239770684 5167118.686392704, 709157.0644566098 5163025.780221797))",58030217.76491352,82,49,8249,32646,0.26520236768172545,5725.977776872491,1860,81
334,"POLYGON ((702067.9430179857 5167118.686392704, 706794.0239770684 5167118.686392704, 709157.0644566098 5171211.592563611, 706794.0239770684 5175304.498734519, 702067.9430179857 5175304.498734519, 699704.9025384443 5171211.592563611, 702067.9430179857 5167118.686392704))",58030217.76491352,82,49,8249,32646,0.24398964337908358,5725.977776872491,1860,81
335,"POLYGON ((709157.0644566098 5171211.592563611, 713883.1454156925 5171211.592563611, 716246.1858952339 5175304.498734519, 713883.1454156925 5179397.404905426, 709157.0644566098 5179397.404905426, 706794.0239770684 5175304.498734519, 709157.0644566098 5171211.592563611))",58030217.76491352,82,49,8249,32646,0.9730105547524456,5725.977776872491,1860,81
336,"POLYGON ((702067.9430179857 5175304.498734519, 706794.0239770684 5175304.498734519, 709157.0644566098 5179397.404905426, 706794.0239770684 5183490.311076334, 702067.9430179857 5183490.311076334, 699704.9025384443 5179397.404905426, 702067.9430179857 5175304.498734519))",58030217.76491352,82,49,8249,32646,0.3930977246667604,5725.977776872491,1860,81
337,"POLYGON ((709157.0644566098 5179397.404905426, 713883.1454156925 5179397.404905426, 716246.1858952339 5183490.311076334, 713883.1454156925 5187583.217247241, 709157.0644566098 5187583.217247241, 706794.0239770684 5183490.311076334, 709157.0644566098 5179397.404905426))",58030217.76491352,82,49,8249,32646,0.8920465551771133,5725.977776872491,1860,81
338,"POLYGON ((702067.9430179857 5183490.311076334, 706794.0239770684 5183490.311076334, 709157.0644566098 5187583.217247241, 706794.0239770684 5191676.123418149, 702067.9430179857 5191676.123418149, 699704.9025384443 5187583.217247241, 702067.9430179857 5183490.311076334))",58030217.76491352,82,49,8249,32646,0.6311386259972629,5725.977776872491,1860,81
354,"POLYGON ((702067.9430179857 5248976.809810853, 706794.0239770684 5248976.809810853, 709157.0644566098 5253069.71598176, 706794.0239770684 5257162.6221526675, 702067.9430179857 5257162.6221526675, 699704.9025384443 5253069.71598176, 702067.9430179857 5248976.809810853))",58030217.76491352,82,7,8207,32646,0.7948113035416484,5842.957538632552,8270,24
355,"POLYGON ((709157.0644566098 5253069.71598176, 713883.1454156925 5253069.71598176, 716246.1858952339 5257162.6221526675, 713883.1454156925 5261255.528323575, 709157.0644566098 5261255.528323575, 706794.0239770684 5257162.6221526675, 709157.0644566098 5253069.71598176))",58030217.76491352,82,7,8207,32646,0.5026370931051921,5842.957538632552,8270,24
356,"POLYGON ((702067.9430179857 5257162.6221526675, 706794.0239770684 5257162.6221526675, 709157.0644566098 5261255.528323575, 706794.0239770684 5265348.434494482, 702067.9430179857 5265348.434494482, 699704.9025384443 5261255.528323575, 702067.9430179857 5257162.6221526675))",58030217.76491352,82,7,8207,32646,0.5769038846263591,5842.957538632552,8270,24
366,"POLYGON ((716246.1858952339 5134375.437025445, 720972.2668543166 5134375.437025445, 723335.307333858 5138468.343196352, 720972.2668543166 5142561.249367259, 716246.1858952339 5142561.249367259, 713883.1454156925 5138468.343196352, 716246.1858952339 5134375.437025445))",58030217.76491352,82,49,8249,32646,0.4925176938188639,5725.977776872491,1860,81
368,"POLYGON ((716246.1858952339 5142561.249367259, 720972.2668543166 5142561.249367259, 723335.307333858 5146654.155538167, 720972.2668543166 5150747.061709074, 716246.1858952339 5150747.061709074, 713883.1454156925 5146654.155538167, 716246.1858952339 5142561.249367259))",58030217.76491352,82,49,8249,32646,0.1952429877980445,5725.977776872491,1860,81
369,"POLYGON ((723335.307333858 5146654.155538167, 728061.3882929407 5146654.155538167, 730424.4287724821 5150747.061709074, 728061.3882929407 5154839.967879982, 723335.307333858 5154839.967879982, 720972.2668543166 5150747.061709074, 723335.307333858 5146654.155538167))",58030217.76491352,82,49,8249,32646,0.7224521152615053,5725.977776872491,1860,81
370,"POLYGON ((716246.1858952339 5150747.061709074, 720972.2668543166 5150747.061709074, 723335.307333858 5154839.967879982, 720972.2668543166 5158932.874050889, 716246.1858952339 5158932.874050889, 713883.1454156925 5154839.967879982, 716246.1858952339 5150747.061709074))",58030217.76491352,82,49,8249,32646,0.2807723624408558,5725.977776872491,1860,81
371,"POLYGON ((723335.307333858 5154839.967879982, 728061.3882929407 5154839.967879982, 730424.4287724821 5158932.874050889, 728061.3882929407 5163025.780221797, 723335.307333858 5163025.780221797, 720972.2668543166 5158932.874050889, 723335.307333858 5154839.967879982))",58030217.76491352,82,49,8249,32646,0.02431596643145384,5725.977776872491,1860,81
372,"POLYGON ((716246.1858952339 5158932.874050889, 720972.2668543166 5158932.874050889, 723335.307333858 5163025.780221797, 720972.2668543166 5167118.686392704, 716246.1858952339 5167118.686392704, 713883.1454156925 5163025.780221797, 716246.1858952339 5158932.874050889))",58030217.76491352,82,49,8249,32646,0.6454722959071678,5725.977776872491,1860,81
373,"POLYGON ((723335.307333858 5163025.780221797, 728061.3882929407 5163025.780221797, 730424.4287724821 5167118.686392704, 728061.3882929407 5171211.592563611, 723335.307333858 5171211.592563611, 720972.2668543166 5167118.686392704, 723335.307333858 5163025.780221797))",58030217.76491352,82,49,8249,32646,0.17711067940704894,5725.977776872491,1860,81
374,"POLYGON ((716246.1858952339 5167118.686392704, 720972.2668543166 5167118.686392704, 723335.307333858 5171211.592563611, 720972.2668543166 5175304.498734519, 716246.1858952339 5175304.498734519, 713883.1454156925 5171211.592563611, 716246.1858952339 5167118.686392704))",58030217.76491352,82,49,8249,32646,0.9404585843529143,5725.977776872491,1860,81
375,"POLYGON ((723335.307333858 5171211.592563611, 728061.3882929407 5171211.592563611, 730424.4287724821 5175304.498734519, 728061.3882929407 5179397.404905426, 723335.307333858 5179397.404905426, 720972.2668543166 5175304.498734519, 723335.307333858 5171211.592563611))",58030217.76491352,82,49,8249,32646,0.9539285770025874,5725.977776872491,1860,81
376,"POLYGON ((716246.1858952339 5175304.498734519, 720972.2668543166 5175304.498734519, 723335.307333858 5179397.404905426, 720972.2668543166 5183490.311076334, 716246.1858952339 5183490.311076334, 713883.1454156925 5179397.404905426, 716246.1858952339 5175304.498734519))",58030217.76491352,82,49,8249,32646,0.9148643902204485,5725.977776872491,1860,81
377,"POLYGON ((723335.307333858 5179397.404905426, 728061.3882929407 5179397.404905426, 730424.4287724821 5183490.311076334, 728061.3882929407 5187583.217247241, 723335.307333858 5187583.217247241, 720972.2668543166 5183490.311076334, 723335.307333858 5179397.404905426))",58030217.76491352,82,49,8249,32646,0.3701587002554444,5725.977776872491,1860,81
378,"POLYGON ((716246.1858952339 5183490.311076334, 720972.2668543166 5183490.311076334, 723335.307333858 5187583.217247241, 720972.2668543166 5191676.123418149, 716246.1858952339 5191676.123418149, 713883.1454156925 5187583.217247241, 716246.1858952339 5183490.311076334))",58030217.76491352,82,49,8249,32646,0.015456616528867428,5725.977776872491,1860,81
414,"POLYGON ((730424.4287724821 5167118.686392704, 735150.5097315648 5167118.686392704, 737513.5502111062 5171211.592563611, 735150.5097315648 5175304.498734519, 730424.4287724821 5175304.498734519, 728061.3882929407 5171211.592563611, 730424.4287724821 5167118.686392704))",58030217.76491352,82,49,8249,32646,0.9283185625877254,5725.977776872491,1860,81
416,"POLYGON ((730424.4287724821 5175304.498734519, 735150.5097315648 5175304.498734519, 737513.5502111062 5179397.404905426, 735150.5097315648 5183490.311076334, 730424.4287724821 5183490.311076334, 728061.3882929407 5179397.404905426, 730424.4287724821 5175304.498734519))",58030217.76491352,82,49,8249,32646,0.42818414831731433,5725.977776872491,1860,81
